2079.00,Thüringer Rostbratwurst,Meat/Poultry,Ann Devon,London,1
504.00,Steeleye Stout,Beverages,Ann Devon,London,1
480.00,Maxilaku,Confections,Ann Devon,London,1
372.60,Nord-Ost Matjeshering,Seafood,Paula Wilson,Albuquerque,1
2128.00,Gnocchi di nonna Alice,Grains/Cereals,Paula Wilson,Albuquerque,1
336.00,Louisiana Fiery Hot Pepper Sauce,Condiments,Paula Wilson,Albuquerque,1
1032.00,Flotemysost,Dairy Products,Paula Wilson,Albuquerque,1
432.00,Tunnbröd,Grains/Cereals,Roland Mendel,Graz,1
2281.50,Vegie-spread,Condiments,Roland Mendel,Graz,1
291.90,Pavlova,Confections,Roland Mendel,Graz,1
714.00,Chocolade,Confections,Roland Mendel,Graz,1
747.00,Gumbär Gummibärchen,Confections,Giovanni Rovelli,Bergamo,1
448.00,Singaporean Hokkien Fried Mee,Grains/Cereals,Giovanni Rovelli,Bergamo,1
480.00,Maxilaku,Confections,Giovanni Rovelli,Bergamo,1
400.00,Aniseed Syrup,Condiments,Felipe Izquierdo,I. de Margarita,1
144.00,Chai,Beverages,Lúcia Carvalho,Sao Paulo,1
240.00,Sir Rodney's Scones,Confections,Lúcia Carvalho,Sao Paulo,1
1528.80,Rössle Sauerkraut,Produce,Lúcia Carvalho,Sao Paulo,1
76.00,Inlagd Sill,Seafood,Lúcia Carvalho,Sao Paulo,1
29.40,Boston Crab Meat,Seafood,Lúcia Carvalho,Sao Paulo,1
504.00,Queso Cabrales,Dairy Products,Henriette Pfalzheim,Köln,1
432.00,Gudbrandsdalsost,Dairy Products,Henriette Pfalzheim,Köln,1
258.00,Flotemysost,Dairy Products,Henriette Pfalzheim,Köln,1
208.00,Gravad lax,Seafood,Martine Rancé,Lille,1
35.40,Tourtière,Meat/Poultry,Martine Rancé,Lille,1
1379.00,Tarte au sucre,Confections,Martine Rancé,Lille,1
223.20,Tofu,Produce,Yvonne Moncada,Buenos Aires,1
96.00,Sir Rodney's Scones,Confections,Yvonne Moncada,Buenos Aires,1
98.00,Geitost,Dairy Products,Elizabeth Lincoln,Tsawassen,1
704.00,Raclette Courdavault,Dairy Products,Elizabeth Lincoln,Tsawassen,1
192.50,Jack's New England Clam Chowder,Seafood,Elizabeth Lincoln,Tsawassen,1
620.00,Gula Malacca,Condiments,Elizabeth Lincoln,Tsawassen,1
396.00,Raclette Courdavault,Dairy Products,Elizabeth Lincoln,Tsawassen,1
372.00,Tofu,Produce,Pirkko Koskitalo,Oulu,1
345.60,Chai,Beverages,Annette Roulet,Toulouse,1
1576.00,Tarte au sucre,Confections,Annette Roulet,Toulouse,1
201.60,Lakkalikööri,Beverages,Annette Roulet,Toulouse,1
131.40,Teatime Chocolate Biscuits,Confections,Aria Cruz,Sao Paulo,1
100.00,Geitost,Dairy Products,Aria Cruz,Sao Paulo,1
62.40,Alice Mutton,Meat/Poultry,Yoshi Latimer,Elgin,1
40.00,Geitost,Dairy Products,Yoshi Latimer,Elgin,1
146.00,Teatime Chocolate Biscuits,Confections,Pirkko Koskitalo,Oulu,1
262.00,Perth Pasties,Meat/Poultry,Pirkko Koskitalo,Oulu,1
312.00,Ravioli Angelo,Grains/Cereals,Pirkko Koskitalo,Oulu,1
10540.00,Côte de Blaye,Beverages,Jytte Petersen,Kobenhavn,1
19.20,Spegesild,Seafood,Jytte Petersen,Kobenhavn,1
360.00,Scottish Longbreads,Confections,Jytte Petersen,Kobenhavn,1
364.00,Original Frankfurter grüne Soße,Condiments,Jytte Petersen,Kobenhavn,1
912.00,Chang,Beverages,Horst Kloss,Cunewalde,1
418.00,Zaanse koeken,Confections,Horst Kloss,Cunewalde,1
364.80,Sirop d'érable,Condiments,Horst Kloss,Cunewalde,1
120.00,Longlife Tofu,Produce,Horst Kloss,Cunewalde,1
1632.00,Camembert Pierrot,Dairy Products,Michael Holz,Genève,1
576.00,Gudbrandsdalsost,Dairy Products,Michael Holz,Genève,1
1552.00,Mishi Kobe Niku,Meat/Poultry,Paula Parente,Resende,1
9.60,Konbu,Seafood,Paula Parente,Resende,1
96.00,Outback Lager,Beverages,Paula Parente,Resende,1
240.00,Röd Kaviar,Seafood,Paula Parente,Resende,1
29.20,Teatime Chocolate Biscuits,Confections,Bernardo Batista,Rio de Janeiro,1
747.00,Gumbär Gummibärchen,Confections,Bernardo Batista,Rio de Janeiro,1
393.00,Perth Pasties,Meat/Poultry,Bernardo Batista,Rio de Janeiro,1
104.00,Original Frankfurter grüne Soße,Condiments,Bernardo Batista,Rio de Janeiro,1
49.80,Gumbär Gummibärchen,Confections,Paolo Accorti,Torino,1
140.00,Gorgonzola Telino,Dairy Products,André Fonseca,Campinas,1
880.00,Raclette Courdavault,Dairy Products,André Fonseca,Campinas,1
864.00,Steeleye Stout,Beverages,Jean Fresnière,Montréal,1
10329.20,Côte de Blaye,Beverages,Jean Fresnière,Montréal,1
300.00,Scottish Longbreads,Confections,Jean Fresnière,Montréal,1
192.00,Pâté chinois,Meat/Poultry,Annette Roulet,Toulouse,1
288.00,Lakkalikööri,Beverages,Annette Roulet,Toulouse,1
152.00,Gnocchi di nonna Alice,Grains/Cereals,Eduardo Saavedra,Barcelona,1
186.20,Wimmers gute Semmelknödel,Grains/Cereals,Eduardo Saavedra,Barcelona,1
651.00,Tofu,Produce,Georg Pipps,Salzburg,1
192.00,Spegesild,Seafood,Maurizio Moroni,Reggio Emilia,1
520.00,Valkoinen suklaa,Confections,Patricia McKenna,Cork,1
1228.50,Vegie-spread,Condiments,Patricia McKenna,Cork,1
1404.00,Alice Mutton,Meat/Poultry,Roland Mendel,Graz,1
400.00,Sir Rodney's Scones,Confections,Roland Mendel,Graz,1
912.00,Gnocchi di nonna Alice,Grains/Cereals,Roland Mendel,Graz,1
3080.00,Raclette Courdavault,Dairy Products,Roland Mendel,Graz,1
1560.00,Alice Mutton,Meat/Poultry,Elizabeth Lincoln,Tsawassen,1
735.00,Boston Crab Meat,Seafood,Elizabeth Lincoln,Tsawassen,1
228.00,Zaanse koeken,Confections,Elizabeth Lincoln,Tsawassen,1
249.00,Gumbär Gummibärchen,Confections,Art Braunschweiger,Lander,1
236.00,Tourtière,Meat/Poultry,Art Braunschweiger,Lander,1
851.20,Gnocchi di nonna Alice,Grains/Cereals,Isabel de Castro,Lisboa,2
100.80,Queso Cabrales,Dairy Products,Maria Larsson,Bräcke,2
259.20,Lakkalikööri,Beverages,Maria Larsson,Bräcke,2
152.00,Chang,Beverages,Elizabeth Brown,London,2
201.60,Gustaf's Knäckebröd,Grains/Cereals,Elizabeth Brown,London,2
278.00,Mozzarella di Giovanni,Dairy Products,Elizabeth Brown,London,2
48.00,Spegesild,Seafood,Frédérique Citeaux,Strasbourg,2
1216.00,Gnocchi di nonna Alice,Grains/Cereals,Frédérique Citeaux,Strasbourg,2
798.00,Wimmers gute Semmelknödel,Grains/Cereals,Frédérique Citeaux,Strasbourg,2
148.80,Rhönbräu Klosterbier,Beverages,Frédérique Citeaux,Strasbourg,2
393.00,Perth Pasties,Meat/Poultry,Pirkko Koskitalo,Oulu,2
109.50,Teatime Chocolate Biscuits,Confections,Karin Josephs,Münster,2
224.00,Sasquatch Ale,Beverages,Karin Josephs,Münster,2
234.00,Ravioli Angelo,Grains/Cereals,Karin Josephs,Münster,2
456.00,Queso Manchego La Pastora,Dairy Products,Jean Fresnière,Montréal,2
222.40,Pavlova,Confections,Jean Fresnière,Montréal,2
159.60,Wimmers gute Semmelknödel,Grains/Cereals,Jean Fresnière,Montréal,2
240.00,Longlife Tofu,Produce,Jean Fresnière,Montréal,2
684.00,Chang,Beverages,Jose Pavarotti,Boise,2
681.10,Pavlova,Confections,Jose Pavarotti,Boise,2
2376.00,Thüringer Rostbratwurst,Meat/Poultry,Jose Pavarotti,Boise,2
2052.00,Sirop d'érable,Condiments,Jose Pavarotti,Boise,2
1755.00,Schoggi Schokolade,Confections,Rene Phillips,Anchorage,2
504.00,Queso Cabrales,Dairy Products,Roland Mendel,Graz,2
472.00,Tourtière,Meat/Poultry,Roland Mendel,Graz,2
816.00,Louisiana Hot Spiced Okra,Condiments,Roland Mendel,Graz,2
100.80,Queso Cabrales,Dairy Products,Maurizio Moroni,Reggio Emilia,2
436.80,Rössle Sauerkraut,Produce,Maurizio Moroni,Reggio Emilia,2
312.00,Alice Mutton,Meat/Poultry,Christina Berglund,Luleå,2
373.50,Gumbär Gummibärchen,Confections,Christina Berglund,Luleå,2
115.20,Steeleye Stout,Beverages,Christina Berglund,Luleå,2
231.00,Jack's New England Clam Chowder,Seafood,Christina Berglund,Luleå,2
86.40,Chartreuse verte,Beverages,Christina Berglund,Luleå,2
88.50,Tourtière,Meat/Poultry,Christina Berglund,Luleå,2
87.60,Teatime Chocolate Biscuits,Confections,Karin Josephs,Münster,2
72.00,Guaraná Fantástica,Beverages,Karin Josephs,Münster,2
30.00,Gorgonzola Telino,Dairy Products,Karin Josephs,Münster,2
84.00,Filo Mix,Grains/Cereals,Karin Josephs,Münster,2
292.00,Teatime Chocolate Biscuits,Confections,Janete Limeira,Rio de Janeiro,2
588.00,Louisiana Fiery Hot Pepper Sauce,Condiments,Janete Limeira,Rio de Janeiro,2
34.40,Flotemysost,Dairy Products,Janete Limeira,Rio de Janeiro,2
149.40,Gumbär Gummibärchen,Confections,Sergio Gutiérrez,Buenos Aires,2
294.00,Boston Crab Meat,Seafood,Sergio Gutiérrez,Buenos Aires,2
347.20,Ikura,Seafood,Frédérique Citeaux,Strasbourg,2
112.00,Filo Mix,Grains/Cereals,Frédérique Citeaux,Strasbourg,2
1379.00,Tarte au sucre,Confections,Frédérique Citeaux,Strasbourg,2
496.00,Ikura,Seafood,Mary Saveley,Lyon,2
35.40,Tourtière,Meat/Poultry,Mary Saveley,Lyon,2
2304.00,Pâté chinois,Meat/Poultry,Horst Kloss,Cunewalde,2
931.00,Wimmers gute Semmelknödel,Grains/Cereals,Horst Kloss,Cunewalde,2
470.40,Louisiana Fiery Hot Pepper Sauce,Condiments,Horst Kloss,Cunewalde,2
572.00,Original Frankfurter grüne Soße,Condiments,Horst Kloss,Cunewalde,2
546.00,Rössle Sauerkraut,Produce,Jose Pavarotti,Boise,2
1550.00,Gula Malacca,Condiments,Jose Pavarotti,Boise,2
153.00,Chocolade,Confections,Thomas Hardy,London,2
300.00,Outback Lager,Beverages,Thomas Hardy,London,2
278.00,Pavlova,Confections,Annette Roulet,Toulouse,2
40.00,Geitost,Dairy Products,Annette Roulet,Toulouse,2
96.00,Spegesild,Seafood,Annette Roulet,Toulouse,2
288.00,Chartreuse verte,Beverages,Pirkko Koskitalo,Oulu,2
1310.00,Perth Pasties,Meat/Poultry,Pirkko Koskitalo,Oulu,2
570.00,Sirop d'érable,Condiments,Pirkko Koskitalo,Oulu,2
516.00,Flotemysost,Dairy Products,Pirkko Koskitalo,Oulu,2
320.00,Sir Rodney's Scones,Confections,Philip Cramer,Brandenburg,2
336.00,Maxilaku,Confections,Philip Cramer,Brandenburg,2
1584.00,Raclette Courdavault,Dairy Products,Philip Cramer,Brandenburg,2
747.00,Gumbär Gummibärchen,Confections,Pascale Cartrain,Charleroi,2
1092.00,Rössle Sauerkraut,Produce,Pascale Cartrain,Charleroi,2
736.00,Ipoh Coffee,Beverages,Pascale Cartrain,Charleroi,2
456.00,Gnocchi di nonna Alice,Grains/Cereals,Pascale Cartrain,Charleroi,2
860.00,Flotemysost,Dairy Products,Pascale Cartrain,Charleroi,2
384.00,Uncle Bob's Organic Dried Pears,Produce,Mary Saveley,Lyon,2
192.00,Spegesild,Seafood,Mary Saveley,Lyon,2
1112.00,Mozzarella di Giovanni,Dairy Products,Mary Saveley,Lyon,2
210.00,Scottish Longbreads,Confections,Maria Larsson,Bräcke,2
24.80,Rhönbräu Klosterbier,Beverages,Maria Larsson,Bräcke,2
320.00,Sir Rodney's Scones,Confections,Carlos González,Barquisimeto,2
579.60,Nord-Ost Matjeshering,Seafood,Carlos González,Barquisimeto,2
1152.00,Pâté chinois,Meat/Poultry,Carlos González,Barquisimeto,2
4.80,Konbu,Seafood,Elizabeth Brown,London,3
151.20,Tunnbröd,Grains/Cereals,Elizabeth Brown,London,3
153.30,Teatime Chocolate Biscuits,Confections,Pascale Cartrain,Charleroi,3
560.00,Singaporean Hokkien Fried Mee,Grains/Cereals,Pascale Cartrain,Charleroi,3
281.60,Chef Anton's Cajun Seasoning,Condiments,Lino Rodriguez,Lisboa,3
110.40,Ipoh Coffee,Beverages,Lino Rodriguez,Lisboa,3
912.00,Gnocchi di nonna Alice,Grains/Cereals,Lino Rodriguez,Lisboa,3
544.00,Camembert Pierrot,Dairy Products,Lino Rodriguez,Lisboa,3
90.00,Guaraná Fantástica,Beverages,Palle Ibsen,Århus,3
1782.00,Thüringer Rostbratwurst,Meat/Poultry,Palle Ibsen,Århus,3
294.00,Boston Crab Meat,Seafood,Palle Ibsen,Århus,3
228.00,Rogede sild,Seafood,Palle Ibsen,Århus,3
325.00,Valkoinen suklaa,Confections,Palle Ibsen,Århus,3
168.00,Queso Cabrales,Dairy Products,Pedro Afonso,Sao Paulo,3
48.00,Spegesild,Seafood,Pedro Afonso,Sao Paulo,3
100.80,Guaraná Fantástica,Beverages,Giovanni Rovelli,Bergamo,3
134.40,NuNuCa Nuß-Nougat-Creme,Confections,Giovanni Rovelli,Bergamo,3
165.60,Nord-Ost Matjeshering,Seafood,Philip Cramer,Brandenburg,3
552.00,Ipoh Coffee,Beverages,Philip Cramer,Brandenburg,3
608.00,Chang,Beverages,Karl Jablonski,Seattle,3
486.50,Pavlova,Confections,Karl Jablonski,Seattle,3
31.00,Gula Malacca,Condiments,Karl Jablonski,Seattle,3
1500.00,Carnarvon Tigers,Seafood,Laurence Lebihan,Marseille,3
108.00,Tunnbröd,Grains/Cereals,Laurence Lebihan,Marseille,3
212.80,Wimmers gute Semmelknödel,Grains/Cereals,Laurence Lebihan,Marseille,3
720.00,Uncle Bob's Organic Dried Pears,Produce,Victoria Ashworth,London,3
608.00,Gnocchi di nonna Alice,Grains/Cereals,Victoria Ashworth,London,3
288.00,Guaraná Fantástica,Beverages,Hari Kumar,London,3
763.20,Manjimup Dried Apples,Produce,Hari Kumar,London,3
24.00,Geitost,Dairy Products,Helen Bennett,Cowes,3
206.40,Flotemysost,Dairy Products,Helen Bennett,Cowes,3
223.20,Tofu,Produce,Guillermo Fernández,México D.F.,3
655.20,Rössle Sauerkraut,Produce,Guillermo Fernández,México D.F.,3
308.70,Boston Crab Meat,Seafood,Guillermo Fernández,México D.F.,3
62.00,Rhönbräu Klosterbier,Beverages,Guillermo Fernández,México D.F.,3
350.00,Gorgonzola Telino,Dairy Products,Pascale Cartrain,Charleroi,3
816.00,Louisiana Hot Spiced Okra,Condiments,Pascale Cartrain,Charleroi,3
604.80,Lakkalikööri,Beverages,Pascale Cartrain,Charleroi,3
38.40,Pâté chinois,Meat/Poultry,Carlos Hernández,San Cristóbal,3
144.00,Outback Lager,Beverages,Carlos Hernández,San Cristóbal,3
216.00,Chai,Beverages,Isabel de Castro,Lisboa,3
168.00,Sir Rodney's Scones,Confections,Isabel de Castro,Lisboa,3
288.00,Chartreuse verte,Beverages,Isabel de Castro,Lisboa,3
496.00,Ikura,Seafood,Mary Saveley,Lyon,3
6324.00,Côte de Blaye,Beverages,Paula Wilson,Albuquerque,3
733.60,Perth Pasties,Meat/Poultry,Paula Wilson,Albuquerque,3
2640.00,Raclette Courdavault,Dairy Products,Paula Wilson,Albuquerque,3
798.00,Wimmers gute Semmelknödel,Grains/Cereals,Paula Wilson,Albuquerque,3
228.00,Zaanse koeken,Confections,Martine Rancé,Lille,3
528.00,Raclette Courdavault,Dairy Products,Martine Rancé,Lille,3
384.00,Maxilaku,Confections,Janete Limeira,Rio de Janeiro,3
1088.00,Camembert Pierrot,Dairy Products,Janete Limeira,Rio de Janeiro,3
147.00,Boston Crab Meat,Seafood,John Steel,Walla Walla,3
392.00,Sasquatch Ale,Beverages,Karl Jablonski,Seattle,3
312.00,Original Frankfurter grüne Soße,Condiments,Karl Jablonski,Seattle,3
112.00,Sir Rodney's Scones,Confections,Victoria Ashworth,London,3
147.00,Boston Crab Meat,Seafood,Victoria Ashworth,London,3
127.20,Manjimup Dried Apples,Produce,Victoria Ashworth,London,3
304.00,Chang,Beverages,Felipe Izquierdo,I. de Margarita,3
160.00,Aniseed Syrup,Condiments,Felipe Izquierdo,I. de Margarita,3
576.00,Pâté chinois,Meat/Poultry,Felipe Izquierdo,I. de Margarita,3
720.00,Outback Lager,Beverages,Felipe Izquierdo,I. de Margarita,3
84.00,Queso Cabrales,Dairy Products,Carlos Hernández,San Cristóbal,3
1060.00,Manjimup Dried Apples,Produce,Carlos Hernández,San Cristóbal,3
128.00,Longlife Tofu,Produce,Carlos Hernández,San Cristóbal,3
36.50,Teatime Chocolate Biscuits,Confections,Lúcia Carvalho,Sao Paulo,3
747.00,Gumbär Gummibärchen,Confections,Lúcia Carvalho,Sao Paulo,3
141.60,Tourtière,Meat/Poultry,Lúcia Carvalho,Sao Paulo,3
1320.00,Raclette Courdavault,Dairy Products,Peter Franken,München,3
240.00,Röd Kaviar,Seafood,Peter Franken,München,3
252.00,Queso Cabrales,Dairy Products,Georg Pipps,Salzburg,3
250.20,Pavlova,Confections,Georg Pipps,Salzburg,3
2640.00,Raclette Courdavault,Dairy Products,Carlos Hernández,San Cristóbal,3
300.00,Scottish Longbreads,Confections,Carlos Hernández,San Cristóbal,3
223.20,Rhönbräu Klosterbier,Beverages,Carlos Hernández,San Cristóbal,3
232.50,Gula Malacca,Condiments,Lino Rodriguez,Lisboa,3
72.80,Original Frankfurter grüne Soße,Condiments,Lino Rodriguez,Lisboa,3
672.00,NuNuCa Nuß-Nougat-Creme,Confections,Elizabeth Lincoln,Tsawassen,4
224.00,Singaporean Hokkien Fried Mee,Grains/Cereals,Elizabeth Lincoln,Tsawassen,4
252.00,Louisiana Fiery Hot Pepper Sauce,Condiments,Annette Roulet,Toulouse,4
136.00,Louisiana Hot Spiced Okra,Condiments,Annette Roulet,Toulouse,4
288.00,Gudbrandsdalsost,Dairy Products,Annette Roulet,Toulouse,4
912.00,Gnocchi di nonna Alice,Grains/Cereals,Pedro Afonso,Sao Paulo,4
72.00,Tunnbröd,Grains/Cereals,Yoshi Tannamuri,Vancouver,4
154.00,Jack's New England Clam Chowder,Seafood,Yoshi Tannamuri,Vancouver,4
52.00,Original Frankfurter grüne Soße,Condiments,Yoshi Tannamuri,Vancouver,4
200.00,Gorgonzola Telino,Dairy Products,Anabela Domingues,Sao Paulo,4
425.60,Gnocchi di nonna Alice,Grains/Cereals,Renate Messner,Frankfurt a.M.,4
695.00,Mozzarella di Giovanni,Dairy Products,Renate Messner,Frankfurt a.M.,4
260.00,Original Frankfurter grüne Soße,Condiments,Renate Messner,Frankfurt a.M.,4
63.00,Guaraná Fantástica,Beverages,Carlos Hernández,San Cristóbal,4
92.00,Boston Crab Meat,Seafood,Carlos Hernández,San Cristóbal,4
420.00,Singaporean Hokkien Fried Mee,Grains/Cereals,Carlos Hernández,San Cristóbal,4
912.00,Rössle Sauerkraut,Produce,Carlos González,Barquisimeto,4
500.00,Maxilaku,Confections,Carlos González,Barquisimeto,4
186.00,Genen Shouyu,Condiments,Annette Roulet,Toulouse,4
364.80,Rössle Sauerkraut,Produce,Annette Roulet,Toulouse,4
149.00,Tourtière,Meat/Poultry,Hanna Moos,Mannheim,4
199.50,Rogede sild,Seafood,Guillermo Fernández,México D.F.,4
196.80,Perth Pasties,Meat/Poultry,Guillermo Fernández,México D.F.,4
420.00,Laughing Lumberjack Lager,Beverages,Guillermo Fernández,México D.F.,4
1627.50,Tofu,Produce,Patricia McKenna,Cork,4
421.00,Louisiana Fiery Hot Pepper Sauce,Condiments,Patricia McKenna,Cork,4
228.00,Chang,Beverages,Karl Jablonski,Seattle,4
120.00,Sir Rodney's Scones,Confections,Karl Jablonski,Seattle,4
328.00,Perth Pasties,Meat/Poultry,Karl Jablonski,Seattle,4
712.50,Sirop d'érable,Condiments,Karl Jablonski,Seattle,4
147.90,Tarte au sucre,Confections,Jean Fresnière,Montréal,4
252.00,NuNuCa Nuß-Nougat-Creme,Confections,Philip Cramer,Brandenburg,4
210.00,Outback Lager,Beverages,Philip Cramer,Brandenburg,4
690.00,Ipoh Coffee,Beverages,Antonio Moreno,México D.F.,4
191.25,Chocolade,Confections,Antonio Moreno,México D.F.,4
60.00,Konbu,Seafood,Henriette Pfalzheim,Köln,4
180.00,Chartreuse verte,Beverages,Henriette Pfalzheim,Köln,4
136.80,Rössle Sauerkraut,Produce,Hanna Moos,Mannheim,4
4456.44,Thüringer Rostbratwurst,Meat/Poultry,Jose Pavarotti,Boise,4
279.00,Rhönbräu Klosterbier,Beverages,Jose Pavarotti,Boise,4
1100.00,Chef Anton's Cajun Seasoning,Condiments,Laurence Lebihan,Marseille,4
1500.00,Uncle Bob's Organic Dried Pears,Produce,Laurence Lebihan,Marseille,4
400.00,Northwoods Cranberry Sauce,Condiments,Laurence Lebihan,Marseille,4
45.00,Guaraná Fantástica,Beverages,Aria Cruz,Sao Paulo,4
108.00,Spegesild,Seafood,Aria Cruz,Sao Paulo,4
57.00,Zaanse koeken,Confections,Aria Cruz,Sao Paulo,4
408.00,Camembert Pierrot,Dairy Products,Aria Cruz,Sao Paulo,4
400.00,Sir Rodney's Scones,Confections,Rita Müller,Stuttgart,4
1600.00,Mascarpone Fabioli,Dairy Products,Rita Müller,Stuttgart,4
427.50,Sirop d'érable,Condiments,Rita Müller,Stuttgart,4
3159.00,Sir Rodney's Marmalade,Confections,Roland Mendel,Graz,4
1596.00,Rössle Sauerkraut,Produce,Roland Mendel,Graz,4
2660.00,Gnocchi di nonna Alice,Grains/Cereals,Roland Mendel,Graz,4
820.95,Louisiana Fiery Hot Pepper Sauce,Condiments,Roland Mendel,Graz,4
387.50,Rhönbräu Klosterbier,Beverages,Roland Mendel,Graz,4
1552.00,Mishi Kobe Niku,Meat/Poultry,Horst Kloss,Cunewalde,4
872.50,Pavlova,Confections,Horst Kloss,Cunewalde,4
5268.00,Schoggi Schokolade,Confections,Horst Kloss,Cunewalde,4
40.00,Geitost,Dairy Products,Horst Kloss,Cunewalde,4
2856.00,Camembert Pierrot,Dairy Products,Horst Kloss,Cunewalde,4
1562.50,Carnarvon Tigers,Seafood,Patricia McKenna,Cork,4
772.00,Jack's New England Clam Chowder,Seafood,Patricia McKenna,Cork,4
280.00,Singaporean Hokkien Fried Mee,Grains/Cereals,Patricia McKenna,Cork,4
42.00,Filo Mix,Grains/Cereals,Simon Crowther,London,4
220.00,Raclette Courdavault,Dairy Products,Simon Crowther,London,4
90.00,Outback Lager,Beverages,Simon Crowther,London,4
22.50,Guaraná Fantástica,Beverages,Miguel Angel Paolino,México D.F.,4
3952.50,Côte de Blaye,Beverages,Miguel Angel Paolino,México D.F.,4
175.05,Gula Malacca,Condiments,Miguel Angel Paolino,México D.F.,4
496.00,Ikura,Seafood,Yang Wang,Bern,4
1520.00,Gnocchi di nonna Alice,Grains/Cereals,Yang Wang,Bern,4
340.00,Camembert Pierrot,Dairy Products,Yang Wang,Bern,4
36.00,Guaraná Fantástica,Beverages,Jonas Bergulfsen,Stavern,4
164.00,Perth Pasties,Meat/Poultry,Jonas Bergulfsen,Stavern,4
54.00,Steeleye Stout,Beverages,Patricio Simpson,Buenos Aires,4
96.50,Jack's New England Clam Chowder,Seafood,Patricio Simpson,Buenos Aires,4
75.00,Scottish Longbreads,Confections,Patricio Simpson,Buenos Aires,4
720.00,Chai,Beverages,Renate Messner,Frankfurt a.M.,4
960.00,Northwoods Cranberry Sauce,Condiments,Renate Messner,Frankfurt a.M.,4
517.80,Nord-Ost Matjeshering,Seafood,Renate Messner,Frankfurt a.M.,4
460.00,Boston Crab Meat,Seafood,Renate Messner,Frankfurt a.M.,4
975.00,Alice Mutton,Meat/Poultry,Hari Kumar,London,5
1215.00,Sir Rodney's Marmalade,Confections,Hari Kumar,London,5
468.00,Gravad lax,Seafood,Hari Kumar,London,5
57.90,Jack's New England Clam Chowder,Seafood,Hari Kumar,London,5
62.00,Ikura,Seafood,Christina Berglund,Luleå,5
258.90,Nord-Ost Matjeshering,Seafood,Christina Berglund,Luleå,5
2760.00,Ipoh Coffee,Beverages,Christina Berglund,Luleå,5
111.75,Tourtière,Meat/Poultry,Christina Berglund,Luleå,5
570.00,Inlagd Sill,Seafood,Laurence Lebihan,Marseille,5
276.00,Boston Crab Meat,Seafood,Laurence Lebihan,Marseille,5
144.00,Chai,Beverages,Pirkko Koskitalo,Oulu,5
60.00,Konbu,Seafood,Pirkko Koskitalo,Oulu,5
1140.00,Gnocchi di nonna Alice,Grains/Cereals,Pirkko Koskitalo,Oulu,5
1100.00,Chef Anton's Cajun Seasoning,Condiments,Horst Kloss,Cunewalde,5
570.00,Inlagd Sill,Seafood,Horst Kloss,Cunewalde,5
63.00,Queso Cabrales,Dairy Products,Howard Snyder,Eugene,5
20.00,Geitost,Dairy Products,Howard Snyder,Eugene,5
313.20,Mozzarella di Giovanni,Dairy Products,Howard Snyder,Eugene,5
336.00,Pâté chinois,Meat/Poultry,Catherine Dewey,Bruxelles,5
250.00,Scottish Longbreads,Confections,Catherine Dewey,Bruxelles,5
360.00,Gudbrandsdalsost,Dairy Products,Catherine Dewey,Bruxelles,5
1560.00,Alice Mutton,Meat/Poultry,Georg Pipps,Salzburg,5
1150.00,Ipoh Coffee,Beverages,Georg Pipps,Salzburg,5
570.00,Sirop d'érable,Condiments,Georg Pipps,Salzburg,5
900.00,Lakkalikööri,Beverages,Georg Pipps,Salzburg,5
110.00,Raclette Courdavault,Dairy Products,Yvonne Moncada,Buenos Aires,5
388.35,Nord-Ost Matjeshering,Seafood,Ann Devon,London,5
408.00,Louisiana Hot Spiced Okra,Condiments,Ann Devon,London,5
1100.00,Chef Anton's Cajun Seasoning,Condiments,Maria Larsson,Bräcke,5
835.20,Mozzarella di Giovanni,Dairy Products,Maria Larsson,Bräcke,5
360.00,Röd Kaviar,Seafood,Maria Larsson,Bräcke,5
258.90,Nord-Ost Matjeshering,Seafood,Renate Messner,Frankfurt a.M.,5
184.00,Boston Crab Meat,Seafood,Renate Messner,Frankfurt a.M.,5
74.50,Tourtière,Meat/Poultry,Renate Messner,Frankfurt a.M.,5
1050.00,Queso Cabrales,Dairy Products,Antonio Moreno,México D.F.,5
184.00,Boston Crab Meat,Seafood,Antonio Moreno,México D.F.,5
97.50,Ravioli Angelo,Grains/Cereals,Antonio Moreno,México D.F.,5
825.00,Raclette Courdavault,Dairy Products,Antonio Moreno,México D.F.,5
570.00,Queso Manchego La Pastora,Dairy Products,Renate Messner,Frankfurt a.M.,5
250.00,Gorgonzola Telino,Dairy Products,Renate Messner,Frankfurt a.M.,5
75.00,Geitost,Dairy Products,Renate Messner,Frankfurt a.M.,5
1190.00,Camembert Pierrot,Dairy Products,Renate Messner,Frankfurt a.M.,5
375.00,Gorgonzola Telino,Dairy Products,Michael Holz,Genève,5
318.00,Manjimup Dried Apples,Produce,Michael Holz,Genève,5
265.00,Escargots de Bourgogne,Seafood,Michael Holz,Genève,5
730.80,Mozzarella di Giovanni,Dairy Products,Michael Holz,Genève,5
135.00,Röd Kaviar,Seafood,Michael Holz,Genève,5
105.00,Outback Lager,Beverages,Victoria Ashworth,London,5
34.80,Mozzarella di Giovanni,Dairy Products,Victoria Ashworth,London,5
48.00,Konbu,Seafood,Victoria Ashworth,London,5
150.00,Sir Rodney's Scones,Confections,Victoria Ashworth,London,5
37.50,Geitost,Dairy Products,Victoria Ashworth,London,5
120.00,Maxilaku,Confections,Victoria Ashworth,London,5
600.00,Aniseed Syrup,Condiments,Horst Kloss,Cunewalde,5
1249.20,Gumbär Gummibärchen,Confections,Horst Kloss,Cunewalde,5
7905.00,Côte de Blaye,Beverages,Horst Kloss,Cunewalde,5
437.50,Scottish Longbreads,Confections,Horst Kloss,Cunewalde,5
157.50,Guaraná Fantástica,Beverages,Mario Pontes,Rio de Janeiro,5
1054.00,Côte de Blaye,Beverages,Mario Pontes,Rio de Janeiro,5
757.80,Louisiana Fiery Hot Pepper Sauce,Condiments,Mario Pontes,Rio de Janeiro,5
193.50,Flotemysost,Dairy Products,Mario Pontes,Rio de Janeiro,5
315.00,Queso Cabrales,Dairy Products,Philip Cramer,Brandenburg,5
178.80,Tourtière,Meat/Poultry,Philip Cramer,Brandenburg,5
1140.00,Queso Manchego La Pastora,Dairy Products,Carlos González,Barquisimeto,5
630.00,Tunnbröd,Grains/Cereals,Carlos González,Barquisimeto,5
319.20,Rössle Sauerkraut,Produce,Fran Wilson,Portland,5
98.00,Laughing Lumberjack Lager,Beverages,Fran Wilson,Portland,5
210.00,Queso Cabrales,Dairy Products,John Steel,Walla Walla,5
300.00,Uncle Bob's Organic Dried Pears,Produce,Mary Saveley,Lyon,5
540.00,Steeleye Stout,Beverages,Mary Saveley,Lyon,5
1972.00,Tarte au sucre,Confections,Mary Saveley,Lyon,5
768.00,Mascarpone Fabioli,Dairy Products,Hari Kumar,London,5
1140.00,Inlagd Sill,Seafood,Hari Kumar,London,5
140.00,Sasquatch Ale,Beverages,Karin Josephs,Münster,5
135.10,Jack's New England Clam Chowder,Seafood,Karin Josephs,Münster,5
687.50,Gorgonzola Telino,Dairy Products,Horst Kloss,Cunewalde,5
950.00,Rogede sild,Seafood,Horst Kloss,Cunewalde,5
2544.00,Manjimup Dried Apples,Produce,Horst Kloss,Cunewalde,5
312.00,Alice Mutton,Meat/Poultry,José Pedro Freyre,Sevilla,5
92.00,Teatime Chocolate Biscuits,Confections,José Pedro Freyre,Sevilla,5
60.00,Sir Rodney's Scones,Confections,José Pedro Freyre,Sevilla,5
285.00,Sirop d'érable,Condiments,José Pedro Freyre,Sevilla,5
698.00,Pavlova,Confections,Lino Rodriguez,Lisboa,5
360.00,Steeleye Stout,Beverages,Lino Rodriguez,Lisboa,5
778.00,Gula Malacca,Condiments,Lino Rodriguez,Lisboa,5
648.00,Gudbrandsdalsost,Dairy Products,Carlos Hernández,San Cristóbal,5
232.50,Rhönbräu Klosterbier,Beverages,Carlos Hernández,San Cristóbal,5
315.00,Queso Cabrales,Dairy Products,Pirkko Koskitalo,Oulu,5
244.30,Pavlova,Confections,Pirkko Koskitalo,Oulu,5
504.00,Gustaf's Knäckebröd,Grains/Cereals,Pirkko Koskitalo,Oulu,5
375.00,Gorgonzola Telino,Dairy Products,Pirkko Koskitalo,Oulu,5
108.00,Steeleye Stout,Beverages,Pirkko Koskitalo,Oulu,5
523.50,Pavlova,Confections,Henriette Pfalzheim,Köln,5
180.00,Tunnbröd,Grains/Cereals,Henriette Pfalzheim,Köln,5
986.00,Tarte au sucre,Confections,Henriette Pfalzheim,Köln,5
130.00,Original Frankfurter grüne Soße,Condiments,Henriette Pfalzheim,Köln,5
697.50,Tofu,Produce,Jose Pavarotti,Boise,6
322.00,Teatime Chocolate Biscuits,Confections,Jose Pavarotti,Boise,6
81.00,Guaraná Fantástica,Beverages,Jose Pavarotti,Boise,6
1060.00,Manjimup Dried Apples,Produce,Jose Pavarotti,Boise,6
1520.00,Gnocchi di nonna Alice,Grains/Cereals,Jose Pavarotti,Boise,6
835.20,Mozzarella di Giovanni,Dairy Products,Jytte Petersen,Kobenhavn,6
997.50,Wimmers gute Semmelknödel,Grains/Cereals,Renate Messner,Frankfurt a.M.,6
155.00,Rhönbräu Klosterbier,Beverages,Renate Messner,Frankfurt a.M.,6
237.50,Zaanse koeken,Confections,Thomas Hardy,London,6
1060.00,Manjimup Dried Apples,Produce,Thomas Hardy,London,6
210.00,Filo Mix,Grains/Cereals,Thomas Hardy,London,6
590.40,Perth Pasties,Meat/Poultry,Thomas Hardy,London,6
45.00,Röd Kaviar,Seafood,Thomas Hardy,London,6
115.80,Jack's New England Clam Chowder,Seafood,Frédérique Citeaux,Strasbourg,6
432.00,Pâté chinois,Meat/Poultry,Frédérique Citeaux,Strasbourg,6
517.80,Nord-Ost Matjeshering,Seafood,Peter Franken,München,6
739.50,Tarte au sucre,Confections,Peter Franken,München,6
194.50,Gula Malacca,Condiments,Maria Larsson,Bräcke,6
2650.00,Manjimup Dried Apples,Produce,Maria Larsson,Bräcke,6
50.00,Geitost,Dairy Products,Maurizio Moroni,Reggio Emilia,6
493.00,Tarte au sucre,Confections,Maurizio Moroni,Reggio Emilia,6
475.00,Inlagd Sill,Seafood,Janete Limeira,Rio de Janeiro,6
490.00,Filo Mix,Grains/Cereals,Janete Limeira,Rio de Janeiro,6
624.00,Alice Mutton,Meat/Poultry,Paula Wilson,Albuquerque,6
75.00,Gorgonzola Telino,Dairy Products,Paula Wilson,Albuquerque,6
600.00,Pâté chinois,Meat/Poultry,Paula Wilson,Albuquerque,6
112.50,Guaraná Fantástica,Beverages,Jean Fresnière,Montréal,6
598.50,Wimmers gute Semmelknödel,Grains/Cereals,Jean Fresnière,Montréal,6
735.00,Queso Cabrales,Dairy Products,Frédérique Citeaux,Strasbourg,6
1125.00,Carnarvon Tigers,Seafood,Frédérique Citeaux,Strasbourg,6
180.00,Lakkalikööri,Beverages,Frédérique Citeaux,Strasbourg,6
750.00,Gorgonzola Telino,Dairy Products,Patricia McKenna,Cork,6
159.00,Manjimup Dried Apples,Produce,Patricia McKenna,Cork,6
2200.00,Raclette Courdavault,Dairy Products,Patricia McKenna,Cork,6
155.00,Ikura,Seafood,Eduardo Saavedra,Barcelona,6
437.50,Gorgonzola Telino,Dairy Products,Paula Wilson,Albuquerque,6
540.00,Lakkalikööri,Beverages,Paula Wilson,Albuquerque,6
315.00,Queso Cabrales,Dairy Products,Jean Fresnière,Montréal,6
2280.00,Gnocchi di nonna Alice,Grains/Cereals,Jean Fresnière,Montréal,6
255.75,Tofu,Produce,Roland Mendel,Graz,6
392.00,Singaporean Hokkien Fried Mee,Grains/Cereals,Roland Mendel,Graz,6
209.40,Pavlova,Confections,Christina Berglund,Luleå,6
320.00,Mascarpone Fabioli,Dairy Products,Christina Berglund,Luleå,6
920.00,Boston Crab Meat,Seafood,Christina Berglund,Luleå,6
116.25,Rhönbräu Klosterbier,Beverages,Christina Berglund,Luleå,6
702.00,Alice Mutton,Meat/Poultry,Antonio Moreno,México D.F.,6
560.00,Sasquatch Ale,Beverages,Antonio Moreno,México D.F.,6
820.00,Perth Pasties,Meat/Poultry,Antonio Moreno,México D.F.,6
35.00,Geitost,Dairy Products,Helvetius Nagy,Kirkland,6
36.80,Boston Crab Meat,Seafood,Helvetius Nagy,Kirkland,6
493.00,Tarte au sucre,Confections,Helvetius Nagy,Kirkland,6
199.50,Wimmers gute Semmelknödel,Grains/Cereals,Helvetius Nagy,Kirkland,6
660.00,Raclette Courdavault,Dairy Products,Alexander Feuer,Leipzig,6
263.40,Vegie-spread,Condiments,Alexander Feuer,Leipzig,6
1044.00,Mozzarella di Giovanni,Dairy Products,Alexander Feuer,Leipzig,6
180.00,Lakkalikööri,Beverages,Alexander Feuer,Leipzig,6
180.00,Chai,Beverages,Miguel Angel Paolino,México D.F.,6
250.00,Gorgonzola Telino,Dairy Products,Miguel Angel Paolino,México D.F.,6
408.45,Gula Malacca,Condiments,Miguel Angel Paolino,México D.F.,6
180.00,Chartreuse verte,Beverages,Helvetius Nagy,Kirkland,6
155.00,Rhönbräu Klosterbier,Beverages,Helvetius Nagy,Kirkland,6
234.00,Original Frankfurter grüne Soße,Condiments,Helvetius Nagy,Kirkland,6
360.00,Steeleye Stout,Beverages,Victoria Ashworth,London,6
117.00,Ravioli Angelo,Grains/Cereals,Victoria Ashworth,London,6
155.00,Genen Shouyu,Condiments,Jaime Yorres,San Francisco,6
162.75,Rhönbräu Klosterbier,Beverages,Jaime Yorres,San Francisco,6
348.75,Tofu,Produce,Henriette Pfalzheim,Köln,6
86.85,Jack's New England Clam Chowder,Seafood,Henriette Pfalzheim,Köln,6
631.50,Louisiana Fiery Hot Pepper Sauce,Condiments,Henriette Pfalzheim,Köln,6
387.50,Rhönbräu Klosterbier,Beverages,Aria Cruz,Sao Paulo,6
78.00,Ravioli Angelo,Grains/Cereals,Hanna Moos,Mannheim,6
252.00,Lakkalikööri,Beverages,Hanna Moos,Mannheim,6
1237.90,Thüringer Rostbratwurst,Meat/Poultry,Pirkko Koskitalo,Oulu,6
816.00,Camembert Pierrot,Dairy Products,Pirkko Koskitalo,Oulu,6
360.00,Gudbrandsdalsost,Dairy Products,Pirkko Koskitalo,Oulu,6
625.00,Gorgonzola Telino,Dairy Products,Frédérique Citeaux,Strasbourg,6
142.50,Zaanse koeken,Confections,Paula Parente,Resende,7
28.00,Filo Mix,Grains/Cereals,Maurizio Moroni,Reggio Emilia,7
187.38,Gumbär Gummibärchen,Confections,Bernardo Batista,Rio de Janeiro,7
360.00,Steeleye Stout,Beverages,Bernardo Batista,Rio de Janeiro,7
260.00,Original Frankfurter grüne Soße,Condiments,Bernardo Batista,Rio de Janeiro,7
2500.00,Carnarvon Tigers,Seafood,Horst Kloss,Cunewalde,7
1400.00,Singaporean Hokkien Fried Mee,Grains/Cereals,Horst Kloss,Cunewalde,7
72.00,Steeleye Stout,Beverages,Howard Snyder,Eugene,7
360.00,Chai,Beverages,Jean Fresnière,Montréal,7
780.00,Original Frankfurter grüne Soße,Condiments,Jean Fresnière,Montréal,7
140.00,Aniseed Syrup,Condiments,Palle Ibsen,Århus,7
300.00,Uncle Bob's Organic Dried Pears,Produce,Palle Ibsen,Århus,7
372.50,Tourtière,Meat/Poultry,Palle Ibsen,Århus,7
387.50,Genen Shouyu,Condiments,Renate Messner,Frankfurt a.M.,7
156.15,Gumbär Gummibärchen,Confections,Renate Messner,Frankfurt a.M.,7
1701.00,Sir Rodney's Marmalade,Confections,Renate Messner,Frankfurt a.M.,7
720.00,Gudbrandsdalsost,Dairy Products,Renate Messner,Frankfurt a.M.,7
72.00,Lakkalikööri,Beverages,Renate Messner,Frankfurt a.M.,7
168.00,Filo Mix,Grains/Cereals,Rene Phillips,Anchorage,7
397.50,Escargots de Bourgogne,Seafood,Rene Phillips,Anchorage,7
540.00,Steeleye Stout,Beverages,Roland Mendel,Graz,7
3420.00,Sirop d'érable,Condiments,Roland Mendel,Graz,7
2340.00,Gudbrandsdalsost,Dairy Products,Roland Mendel,Graz,7
190.00,Gnocchi di nonna Alice,Grains/Cereals,Karl Jablonski,Seattle,7
1053.60,Vegie-spread,Condiments,Karl Jablonski,Seattle,7
232.50,Rhönbräu Klosterbier,Beverages,Karl Jablonski,Seattle,7
157.50,Guaraná Fantástica,Beverages,Georg Pipps,Salzburg,7
390.00,Ravioli Angelo,Grains/Cereals,Georg Pipps,Salzburg,7
252.60,Louisiana Fiery Hot Pepper Sauce,Condiments,Georg Pipps,Salzburg,7
2195.00,Schoggi Schokolade,Confections,Paula Wilson,Albuquerque,7
193.50,Flotemysost,Dairy Products,Paula Wilson,Albuquerque,7
493.00,Tarte au sucre,Confections,Victoria Ashworth,London,7
29.80,Tourtière,Meat/Poultry,Yoshi Latimer,Elgin,7
450.00,Röd Kaviar,Seafood,Yoshi Latimer,Elgin,7
360.00,Konbu,Seafood,Carlos Hernández,San Cristóbal,7
1925.00,Raclette Courdavault,Dairy Products,Carlos Hernández,San Cristóbal,7
65.00,Original Frankfurter grüne Soße,Condiments,Palle Ibsen,Århus,7
1008.00,Gustaf's Knäckebröd,Grains/Cereals,Jose Pavarotti,Boise,7
500.00,Maxilaku,Confections,Jose Pavarotti,Boise,7
76.50,Chocolade,Confections,Lino Rodriguez,Lisboa,7
180.00,Lakkalikööri,Beverages,Lino Rodriguez,Lisboa,7
523.50,Pavlova,Confections,Jean Fresnière,Montréal,7
1100.00,Raclette Courdavault,Dairy Products,Jean Fresnière,Montréal,7
2380.00,Camembert Pierrot,Dairy Products,Jean Fresnière,Montréal,7
322.50,Flotemysost,Dairy Products,Jean Fresnière,Montréal,7
440.00,Chef Anton's Cajun Seasoning,Condiments,Anabela Domingues,Sao Paulo,7
480.00,Pâté chinois,Meat/Poultry,Anabela Domingues,Sao Paulo,7
493.00,Tarte au sucre,Confections,Anabela Domingues,Sao Paulo,7
1350.00,Uncle Bob's Organic Dried Pears,Produce,Jose Pavarotti,Boise,7
3900.00,Alice Mutton,Meat/Poultry,Jose Pavarotti,Boise,7
35.00,Geitost,Dairy Products,Jose Pavarotti,Boise,7
772.80,Boston Crab Meat,Seafood,Jose Pavarotti,Boise,7
417.60,Mozzarella di Giovanni,Dairy Products,Jose Pavarotti,Boise,7
1064.00,Gnocchi di nonna Alice,Grains/Cereals,Karin Josephs,Münster,7
54.00,Chai,Beverages,Janine Labrune,Nantes,7
310.00,Ikura,Seafood,Janine Labrune,Nantes,7
60.00,Sir Rodney's Scones,Confections,Janine Labrune,Nantes,7
399.00,Inlagd Sill,Seafood,Annette Roulet,Toulouse,7
108.00,Chai,Beverages,Zbyszek Piestrzeniewicz,Warszawa,7
190.00,Chang,Beverages,Zbyszek Piestrzeniewicz,Warszawa,7
510.00,Camembert Pierrot,Dairy Products,Zbyszek Piestrzeniewicz,Warszawa,7
2170.00,Ikura,Seafood,Jose Pavarotti,Boise,7
1045.00,Inlagd Sill,Seafood,Jose Pavarotti,Boise,7
360.00,Maxilaku,Confections,Jose Pavarotti,Boise,7
1360.00,Camembert Pierrot,Dairy Products,Jose Pavarotti,Boise,7
1440.00,Lakkalikööri,Beverages,Jose Pavarotti,Boise,7
48.00,Konbu,Seafood,Carlos Hernández,San Cristóbal,7
310.00,Rhönbräu Klosterbier,Beverages,Carlos Hernández,San Cristóbal,7
294.00,Queso Cabrales,Dairy Products,Hanna Moos,Mannheim,7
80.00,Sir Rodney's Scones,Confections,Hanna Moos,Mannheim,7
90.00,Chartreuse verte,Beverages,Hanna Moos,Mannheim,7
120.00,Pâté chinois,Meat/Poultry,Matti Karttunen,Helsinki,7
3952.50,Côte de Blaye,Beverages,Howard Snyder,Eugene,7
532.00,Gnocchi di nonna Alice,Grains/Cereals,Howard Snyder,Eugene,7
225.00,Outback Lager,Beverages,Howard Snyder,Eugene,7
322.50,Flotemysost,Dairy Products,Howard Snyder,Eugene,7
1650.00,Raclette Courdavault,Dairy Products,Howard Snyder,Eugene,7
1750.00,Grandma's Boysenberry Spread,Condiments,Jean Fresnière,Montréal,8
760.00,Gnocchi di nonna Alice,Grains/Cereals,Jean Fresnière,Montréal,8
187.50,Scottish Longbreads,Confections,Jean Fresnière,Montréal,8
420.00,Sir Rodney's Scones,Confections,Jean Fresnière,Montréal,8
840.00,Gustaf's Knäckebröd,Grains/Cereals,Jean Fresnière,Montréal,8
22.50,Guaraná Fantástica,Beverages,Yoshi Tannamuri,Vancouver,8
35.00,Filo Mix,Grains/Cereals,Yoshi Tannamuri,Vancouver,8
46.00,Teatime Chocolate Biscuits,Confections,Helen Bennett,Cowes,8
90.00,Tunnbröd,Grains/Cereals,Helen Bennett,Cowes,8
300.00,Outback Lager,Beverages,Helen Bennett,Cowes,8
322.50,Flotemysost,Dairy Products,Helen Bennett,Cowes,8
380.00,Chang,Beverages,Janete Limeira,Rio de Janeiro,8
225.00,Scottish Longbreads,Confections,Janete Limeira,Rio de Janeiro,8
488.25,Tofu,Produce,Peter Franken,München,8
138.00,Teatime Chocolate Biscuits,Confections,Peter Franken,München,8
250.00,Sir Rodney's Scones,Confections,Peter Franken,München,8
13.50,Guaraná Fantástica,Beverages,Peter Franken,München,8
540.00,Steeleye Stout,Beverages,Peter Franken,München,8
456.00,Rössle Sauerkraut,Produce,Liu Wong,Butte,8
742.74,Thüringer Rostbratwurst,Meat/Poultry,Liu Wong,Butte,8
194.50,Gula Malacca,Condiments,Liu Wong,Butte,8
69.75,Tofu,Produce,Ana Trujillo,México D.F.,8
70.00,Singaporean Hokkien Fried Mee,Grains/Cereals,Ana Trujillo,México D.F.,8
340.00,Camembert Pierrot,Dairy Products,Ana Trujillo,México D.F.,8
393.60,Perth Pasties,Meat/Poultry,Christina Berglund,Luleå,8
680.00,Camembert Pierrot,Dairy Products,Christina Berglund,Luleå,8
430.00,Flotemysost,Dairy Products,Christina Berglund,Luleå,8
739.50,Tarte au sucre,Confections,Jose Pavarotti,Boise,8
525.00,Röd Kaviar,Seafood,Jose Pavarotti,Boise,8
450.00,Chai,Beverages,Frédérique Citeaux,Strasbourg,8
2475.80,Thüringer Rostbratwurst,Meat/Poultry,José Pedro Freyre,Sevilla,8
299.25,Wimmers gute Semmelknödel,Grains/Cereals,José Pedro Freyre,Sevilla,8
288.00,Pâté chinois,Meat/Poultry,Philip Cramer,Brandenburg,8
630.00,Lakkalikööri,Beverages,Philip Cramer,Brandenburg,8
62.00,Rhönbräu Klosterbier,Beverages,Annette Roulet,Toulouse,8
570.00,Chang,Beverages,Rita Müller,Stuttgart,8
50.00,Geitost,Dairy Products,Rita Müller,Stuttgart,8
1368.00,Queso Manchego La Pastora,Dairy Products,Roland Mendel,Graz,8
78.00,Konbu,Seafood,Roland Mendel,Graz,8
1093.05,Gumbär Gummibärchen,Confections,Roland Mendel,Graz,8
3944.00,Tarte au sucre,Confections,Roland Mendel,Graz,8
1050.00,Uncle Bob's Organic Dried Pears,Produce,Martine Rancé,Lille,8
3125.00,Carnarvon Tigers,Seafood,Martine Rancé,Lille,8
795.00,Manjimup Dried Apples,Produce,Martine Rancé,Lille,8
15.50,Rhönbräu Klosterbier,Beverages,Martine Rancé,Lille,8
220.00,Chef Anton's Cajun Seasoning,Condiments,Giovanni Rovelli,Bergamo,8
320.25,Chef Anton's Gumbo Mix,Condiments,Giovanni Rovelli,Bergamo,8
840.00,Gustaf's Knäckebröd,Grains/Cereals,Giovanni Rovelli,Bergamo,8
550.00,Chef Anton's Cajun Seasoning,Condiments,Pirkko Koskitalo,Oulu,8
79.50,Escargots de Bourgogne,Seafood,Pirkko Koskitalo,Oulu,8
210.00,Queso Cabrales,Dairy Products,Lúcia Carvalho,Sao Paulo,8
406.25,Valkoinen suklaa,Confections,Lúcia Carvalho,Sao Paulo,8
2280.00,Gnocchi di nonna Alice,Grains/Cereals,Lúcia Carvalho,Sao Paulo,8
190.00,Rogede sild,Seafood,Felipe Izquierdo,I. de Margarita,8
442.05,Louisiana Fiery Hot Pepper Sauce,Condiments,Felipe Izquierdo,I. de Margarita,8
2088.00,Mozzarella di Giovanni,Dairy Products,Felipe Izquierdo,I. de Margarita,8
500.00,Carnarvon Tigers,Seafood,Jonas Bergulfsen,Stavern,8
720.00,Gudbrandsdalsost,Dairy Products,Rita Müller,Stuttgart,8
225.00,Outback Lager,Beverages,Rita Müller,Stuttgart,8
950.00,Chang,Beverages,Carlos Hernández,San Cristóbal,8
1104.00,Boston Crab Meat,Seafood,Carlos Hernández,San Cristóbal,8
300.00,Sir Rodney's Scones,Confections,Jytte Petersen,Kobenhavn,8
570.00,Sirop d'érable,Condiments,Jytte Petersen,Kobenhavn,8
684.00,Rössle Sauerkraut,Produce,Maria Anders,Berlin,8
378.00,Chartreuse verte,Beverages,Maria Anders,Berlin,8
24.00,Spegesild,Seafood,Maria Anders,Berlin,8
250.00,Carnarvon Tigers,Seafood,Paula Parente,Resende,8
920.00,Ipoh Coffee,Beverages,Paula Parente,Resende,8
252.00,Spegesild,Seafood,Paula Parente,Resende,8
1250.00,Carnarvon Tigers,Seafood,Mario Pontes,Rio de Janeiro,8
285.00,Inlagd Sill,Seafood,Mario Pontes,Rio de Janeiro,8
270.00,Chai,Beverages,Patricia McKenna,Cork,8
558.00,Ikura,Seafood,Patricia McKenna,Cork,8
645.00,Flotemysost,Dairy Products,Patricia McKenna,Cork,8
455.00,Original Frankfurter grüne Soße,Condiments,Patricia McKenna,Cork,8
276.00,Teatime Chocolate Biscuits,Confections,Bernardo Batista,Rio de Janeiro,8
360.00,Chartreuse verte,Beverages,Bernardo Batista,Rio de Janeiro,8
315.00,Gustaf's Knäckebröd,Grains/Cereals,Janete Limeira,Rio de Janeiro,8
67.50,Guaraná Fantástica,Beverages,Janete Limeira,Rio de Janeiro,8
912.00,Rössle Sauerkraut,Produce,Catherine Dewey,Bruxelles,8
522.00,Mozzarella di Giovanni,Dairy Products,Catherine Dewey,Bruxelles,8
776.70,Nord-Ost Matjeshering,Seafood,Aria Cruz,Sao Paulo,8
820.00,Perth Pasties,Meat/Poultry,Aria Cruz,Sao Paulo,8
223.50,Tourtière,Meat/Poultry,Aria Cruz,Sao Paulo,8
110.40,Teatime Chocolate Biscuits,Confections,Rita Müller,Stuttgart,9
420.00,Gustaf's Knäckebröd,Grains/Cereals,Rita Müller,Stuttgart,9
51.78,Nord-Ost Matjeshering,Seafood,André Fonseca,Campinas,9
280.00,Singaporean Hokkien Fried Mee,Grains/Cereals,André Fonseca,Campinas,9
523.50,Pavlova,Confections,Peter Franken,München,9
680.00,Camembert Pierrot,Dairy Products,Peter Franken,München,9
264.00,Chef Anton's Cajun Seasoning,Condiments,Christina Berglund,Luleå,9
360.00,Chartreuse verte,Beverages,Christina Berglund,Luleå,9
44.70,Tourtière,Meat/Poultry,Christina Berglund,Luleå,9
193.00,Jack's New England Clam Chowder,Seafood,Maurizio Moroni,Reggio Emilia,9
69.75,Tofu,Produce,Howard Snyder,Eugene,9
544.60,Gula Malacca,Condiments,Howard Snyder,Eugene,9
57.00,Zaanse koeken,Confections,Howard Snyder,Eugene,9
775.00,Genen Shouyu,Condiments,Jose Pavarotti,Boise,9
231.60,Jack's New England Clam Chowder,Seafood,Jose Pavarotti,Boise,9
540.00,Spegesild,Seafood,Jose Pavarotti,Boise,9
95.00,Zaanse koeken,Confections,Jose Pavarotti,Boise,9
1710.00,Gnocchi di nonna Alice,Grains/Cereals,Jose Pavarotti,Boise,9
1020.00,Camembert Pierrot,Dairy Products,Jose Pavarotti,Boise,9
600.00,Sir Rodney's Scones,Confections,Horst Kloss,Cunewalde,9
1288.00,Boston Crab Meat,Seafood,Horst Kloss,Cunewalde,9
1870.00,Camembert Pierrot,Dairy Products,Horst Kloss,Cunewalde,9
910.00,Original Frankfurter grüne Soße,Condiments,Horst Kloss,Cunewalde,9
250.00,Gorgonzola Telino,Dairy Products,Lúcia Carvalho,Sao Paulo,9
441.60,Boston Crab Meat,Seafood,Lúcia Carvalho,Sao Paulo,9
600.00,Outback Lager,Beverages,Lúcia Carvalho,Sao Paulo,9
1701.00,Sir Rodney's Marmalade,Confections,Yoshi Latimer,Elgin,9
54.00,Chartreuse verte,Beverages,Patricia McKenna,Cork,9
649.25,Escargots de Bourgogne,Seafood,Patricia McKenna,Cork,9
125.00,Scottish Longbreads,Confections,Fran Wilson,Portland,9
552.00,Boston Crab Meat,Seafood,Laurence Lebihan,Marseille,9
420.00,Singaporean Hokkien Fried Mee,Grains/Cereals,Laurence Lebihan,Marseille,9
1060.00,Manjimup Dried Apples,Produce,Laurence Lebihan,Marseille,9
744.00,Ikura,Seafood,Lino Rodriguez,Lisboa,9
456.00,Gnocchi di nonna Alice,Grains/Cereals,Lino Rodriguez,Lisboa,9
315.75,Louisiana Fiery Hot Pepper Sauce,Condiments,Lino Rodriguez,Lisboa,9
1060.00,Manjimup Dried Apples,Produce,Fran Wilson,Portland,9
55.00,Raclette Courdavault,Dairy Products,Fran Wilson,Portland,9
180.00,Lakkalikööri,Beverages,Fran Wilson,Portland,9
4456.44,Thüringer Rostbratwurst,Meat/Poultry,Michael Holz,Genève,9
210.50,Louisiana Fiery Hot Pepper Sauce,Condiments,Michael Holz,Genève,9
1620.00,Gudbrandsdalsost,Dairy Products,Roland Mendel,Graz,9
301.00,Flotemysost,Dairy Products,Roland Mendel,Graz,9
100.00,Gorgonzola Telino,Dairy Products,Rita Müller,Stuttgart,9
96.00,Pâté chinois,Meat/Poultry,Rita Müller,Stuttgart,9
498.75,Wimmers gute Semmelknödel,Grains/Cereals,Rita Müller,Stuttgart,9
570.00,Inlagd Sill,Seafood,Jytte Petersen,Kobenhavn,9
288.00,Tunnbröd,Grains/Cereals,Peter Franken,München,9
720.00,Spegesild,Seafood,Peter Franken,München,9
350.00,Laughing Lumberjack Lager,Beverages,Peter Franken,München,9
750.00,Röd Kaviar,Seafood,Peter Franken,München,9
193.75,Rhönbräu Klosterbier,Beverages,Peter Franken,München,9
174.50,Pavlova,Confections,Carine Schmitt,Nantes,9
493.00,Tarte au sucre,Confections,Carine Schmitt,Nantes,9
252.60,Louisiana Fiery Hot Pepper Sauce,Condiments,Carine Schmitt,Nantes,9
3952.50,Côte de Blaye,Beverages,Christina Berglund,Luleå,9
258.00,Flotemysost,Dairy Products,Christina Berglund,Luleå,9
52.35,Pavlova,Confections,Matti Karttunen,Helsinki,9
84.00,Singaporean Hokkien Fried Mee,Grains/Cereals,Matti Karttunen,Helsinki,9
276.00,Ipoh Coffee,Beverages,Matti Karttunen,Helsinki,9
45.00,Tunnbröd,Grains/Cereals,Helen Bennett,Cowes,9
697.50,Tofu,Produce,Peter Franken,München,9
328.00,Perth Pasties,Meat/Poultry,Peter Franken,München,9
397.50,Escargots de Bourgogne,Seafood,Peter Franken,München,9
62.00,Ikura,Seafood,Miguel Angel Paolino,México D.F.,9
64.40,Teatime Chocolate Biscuits,Confections,Miguel Angel Paolino,México D.F.,9
408.45,Gula Malacca,Condiments,Miguel Angel Paolino,México D.F.,9
936.90,Gumbär Gummibärchen,Confections,Antonio Moreno,México D.F.,9
20.00,Geitost,Dairy Products,Antonio Moreno,México D.F.,9
3800.00,Queso Manchego La Pastora,Dairy Products,Jose Pavarotti,Boise,9
75.00,Geitost,Dairy Products,Jose Pavarotti,Boise,9
1158.00,Jack's New England Clam Chowder,Seafood,Jose Pavarotti,Boise,9
223.50,Tourtière,Meat/Poultry,Jose Pavarotti,Boise,9
660.00,Raclette Courdavault,Dairy Products,Frédérique Citeaux,Strasbourg,9
872.50,Pavlova,Confections,Rene Phillips,Anchorage,9
250.00,Gorgonzola Telino,Dairy Products,Rene Phillips,Anchorage,9
560.00,Singaporean Hokkien Fried Mee,Grains/Cereals,Rene Phillips,Anchorage,9
276.00,Teatime Chocolate Biscuits,Confections,Howard Snyder,Eugene,9
120.00,Sir Rodney's Scones,Confections,Howard Snyder,Eugene,9
931.00,Wimmers gute Semmelknödel,Grains/Cereals,Howard Snyder,Eugene,9
75.00,Geitost,Dairy Products,Antonio Moreno,México D.F.,9
68.00,Louisiana Hot Spiced Okra,Condiments,Antonio Moreno,México D.F.,9
232.50,Rhönbräu Klosterbier,Beverages,Antonio Moreno,México D.F.,9
63.00,Filo Mix,Grains/Cereals,Janine Labrune,Nantes,9
368.00,Boston Crab Meat,Seafood,Henriette Pfalzheim,Köln,9
380.00,Zaanse koeken,Confections,Henriette Pfalzheim,Köln,9
1020.00,Camembert Pierrot,Dairy Products,Henriette Pfalzheim,Köln,9
620.00,Ikura,Seafood,André Fonseca,Campinas,9
38.60,Jack's New England Clam Chowder,Seafood,André Fonseca,Campinas,9
142.50,Zaanse koeken,Confections,André Fonseca,Campinas,9
1170.00,Alice Mutton,Meat/Poultry,Georg Pipps,Salzburg,9
468.45,Gumbär Gummibärchen,Confections,Georg Pipps,Salzburg,9
4850.00,Mishi Kobe Niku,Meat/Poultry,Patricia McKenna,Cork,9
1237.90,Thüringer Rostbratwurst,Meat/Poultry,Patricia McKenna,Cork,9
114.00,Inlagd Sill,Seafood,Patricia McKenna,Cork,9
558.00,Ikura,Seafood,Palle Ibsen,Århus,10
2736.00,Rössle Sauerkraut,Produce,Palle Ibsen,Århus,10
196.00,Sasquatch Ale,Beverages,Palle Ibsen,Århus,10
630.00,Chai,Beverages,Christina Berglund,Luleå,10
760.00,Gnocchi di nonna Alice,Grains/Cereals,Mario Pontes,Rio de Janeiro,10
390.00,Original Frankfurter grüne Soße,Condiments,Mario Pontes,Rio de Janeiro,10
540.00,Chai,Beverages,Horst Kloss,Cunewalde,10
4951.60,Thüringer Rostbratwurst,Meat/Poultry,Horst Kloss,Cunewalde,10
1840.00,Ipoh Coffee,Beverages,Horst Kloss,Cunewalde,10
466.80,Gula Malacca,Condiments,Horst Kloss,Cunewalde,10
2366.40,Tarte au sucre,Confections,Horst Kloss,Cunewalde,10
878.00,Vegie-spread,Condiments,Maria Anders,Berlin,10
582.00,Mishi Kobe Niku,Meat/Poultry,Karl Jablonski,Seattle,10
447.00,Tourtière,Meat/Poultry,Karl Jablonski,Seattle,10
1080.00,Gudbrandsdalsost,Dairy Products,Karl Jablonski,Seattle,10
225.00,Röd Kaviar,Seafood,Karl Jablonski,Seattle,10
2700.00,Uncle Bob's Organic Dried Pears,Produce,Horst Kloss,Cunewalde,10
1375.00,Raclette Courdavault,Dairy Products,Horst Kloss,Cunewalde,10
750.00,Outback Lager,Beverages,Horst Kloss,Cunewalde,10
400.00,Northwoods Cranberry Sauce,Condiments,Matti Karttunen,Helsinki,10
152.00,Queso Manchego La Pastora,Dairy Products,Matti Karttunen,Helsinki,10
90.00,Guaraná Fantástica,Beverages,Matti Karttunen,Helsinki,10
780.00,Alice Mutton,Meat/Poultry,Karl Jablonski,Seattle,10
216.00,Spegesild,Seafood,Karl Jablonski,Seattle,10
64.40,Teatime Chocolate Biscuits,Confections,Felipe Izquierdo,I. de Margarita,10
162.00,Steeleye Stout,Beverages,Felipe Izquierdo,I. de Margarita,10
397.50,Escargots de Bourgogne,Seafood,Felipe Izquierdo,I. de Margarita,10
450.00,Outback Lager,Beverages,Felipe Izquierdo,I. de Margarita,10
315.00,Queso Cabrales,Dairy Products,Roland Mendel,Graz,10
312.00,Alice Mutton,Meat/Poultry,Roland Mendel,Graz,10
1485.48,Thüringer Rostbratwurst,Meat/Poultry,Roland Mendel,Graz,10
1368.25,Louisiana Fiery Hot Pepper Sauce,Condiments,Roland Mendel,Graz,10
120.00,Outback Lager,Beverages,Roland Mendel,Graz,10
114.00,Zaanse koeken,Confections,Alexander Feuer,Leipzig,10
90.00,Chai,Beverages,Jose Pavarotti,Boise,10
168.00,Sasquatch Ale,Beverages,Jose Pavarotti,Boise,10
500.00,Scottish Longbreads,Confections,Jose Pavarotti,Boise,10
1290.00,Flotemysost,Dairy Products,Jose Pavarotti,Boise,10
2310.00,Raclette Courdavault,Dairy Products,Patricia McKenna,Cork,10
430.00,Flotemysost,Dairy Products,Patricia McKenna,Cork,10
630.00,Lakkalikööri,Beverages,Patricia McKenna,Cork,10
60.00,Aniseed Syrup,Condiments,Maria Anders,Berlin,10
270.00,Lakkalikööri,Beverages,Maria Anders,Berlin,10
95.00,Chang,Beverages,Maria Larsson,Bräcke,10
1925.00,Raclette Courdavault,Dairy Products,Maria Larsson,Bräcke,10
525.00,Röd Kaviar,Seafood,Maria Larsson,Bräcke,10
132.00,Chef Anton's Cajun Seasoning,Condiments,Lúcia Carvalho,Sao Paulo,10
157.50,Guaraná Fantástica,Beverages,Lúcia Carvalho,Sao Paulo,10
306.00,Chocolade,Confections,Lúcia Carvalho,Sao Paulo,10
250.00,Gorgonzola Telino,Dairy Products,Carlos Hernández,San Cristóbal,10
128.00,Mascarpone Fabioli,Dairy Products,Carlos Hernández,San Cristóbal,10
349.00,Pavlova,Confections,Rene Phillips,Anchorage,10
1104.00,Ipoh Coffee,Beverages,Rene Phillips,Anchorage,10
440.00,Raclette Courdavault,Dairy Products,Rene Phillips,Anchorage,10
504.00,Pâté chinois,Meat/Poultry,Thomas Hardy,London,10
780.00,Ravioli Angelo,Grains/Cereals,Thomas Hardy,London,10
420.00,Outback Lager,Beverages,Thomas Hardy,London,10
85.40,Chef Anton's Gumbo Mix,Condiments,Liz Nixon,Portland,10
95.00,Inlagd Sill,Seafood,Liz Nixon,Portland,10
1600.00,Northwoods Cranberry Sauce,Condiments,André Fonseca,Campinas,10
1484.00,Manjimup Dried Apples,Produce,André Fonseca,Campinas,10
340.00,Camembert Pierrot,Dairy Products,André Fonseca,Campinas,10
46.00,Teatime Chocolate Biscuits,Confections,Paolo Accorti,Torino,10
47.50,Zaanse koeken,Confections,Paolo Accorti,Torino,10
110.40,Teatime Chocolate Biscuits,Confections,Jose Pavarotti,Boise,10
405.30,Jack's New England Clam Chowder,Seafood,Jose Pavarotti,Boise,10
3936.00,Perth Pasties,Meat/Poultry,Jose Pavarotti,Boise,10
98.40,Perth Pasties,Meat/Poultry,Patricia McKenna,Cork,10
1140.00,Gnocchi di nonna Alice,Grains/Cereals,Patricia McKenna,Cork,10
558.00,Ikura,Seafood,Jose Pavarotti,Boise,10
936.90,Gumbär Gummibärchen,Confections,Jose Pavarotti,Boise,10
1045.00,Rogede sild,Seafood,Jose Pavarotti,Boise,10
288.00,Spegesild,Seafood,Jose Pavarotti,Boise,10
570.00,Chang,Beverages,Jose Pavarotti,Boise,10
1053.00,Alice Mutton,Meat/Poultry,Jose Pavarotti,Boise,10
475.00,Zaanse koeken,Confections,Jose Pavarotti,Boise,10
684.00,Gnocchi di nonna Alice,Grains/Cereals,Jose Pavarotti,Boise,10
159.00,Escargots de Bourgogne,Seafood,Jose Pavarotti,Boise,10
651.00,Ikura,Seafood,Laurence Lebihan,Marseille,10
645.00,Flotemysost,Dairy Products,Laurence Lebihan,Marseille,10
50.00,Sir Rodney's Scones,Confections,Sergio Gutiérrez,Buenos Aires,10
371.00,Manjimup Dried Apples,Produce,Sergio Gutiérrez,Buenos Aires,10
285.00,Sirop d'érable,Condiments,Sergio Gutiérrez,Buenos Aires,10
320.00,Sir Rodney's Scones,Confections,Peter Franken,München,10
111.75,Tourtière,Meat/Poultry,Peter Franken,München,10
900.00,Gudbrandsdalsost,Dairy Products,Peter Franken,München,10
1368.00,Queso Manchego La Pastora,Dairy Products,Philip Cramer,Brandenburg,10
349.00,Pavlova,Confections,Philip Cramer,Brandenburg,10
760.00,Inlagd Sill,Seafood,Philip Cramer,Brandenburg,10
986.00,Tarte au sucre,Confections,Philip Cramer,Brandenburg,10
750.00,Carnarvon Tigers,Seafood,Jaime Yorres,San Francisco,10
77.67,Nord-Ost Matjeshering,Seafood,Jaime Yorres,San Francisco,10
298.00,Tourtière,Meat/Poultry,Jaime Yorres,San Francisco,10
378.00,Steeleye Stout,Beverages,Bernardo Batista,Rio de Janeiro,10
172.00,Flotemysost,Dairy Products,Bernardo Batista,Rio de Janeiro,10
972.50,Gula Malacca,Condiments,Horst Kloss,Cunewalde,10
57.00,Chang,Beverages,Jose Pavarotti,Boise,10
625.00,Gorgonzola Telino,Dairy Products,Jose Pavarotti,Boise,10
562.50,Scottish Longbreads,Confections,Jose Pavarotti,Boise,10
325.50,Rhönbräu Klosterbier,Beverages,Jose Pavarotti,Boise,10
468.45,Gumbär Gummibärchen,Confections,Karl Jablonski,Seattle,10
496.00,Ikura,Seafood,Jean Fresnière,Montréal,10
142.50,Sirop d'érable,Condiments,Jean Fresnière,Montréal,10
115.80,Jack's New England Clam Chowder,Seafood,Aria Cruz,Sao Paulo,10
28.00,Filo Mix,Grains/Cereals,Aria Cruz,Sao Paulo,10
144.00,Pâté chinois,Meat/Poultry,Aria Cruz,Sao Paulo,10
550.00,Chef Anton's Cajun Seasoning,Condiments,Ann Devon,London,11
105.00,Queso Cabrales,Dairy Products,Ann Devon,London,11
780.00,Alice Mutton,Meat/Poultry,Maurizio Moroni,Reggio Emilia,11
380.00,Gnocchi di nonna Alice,Grains/Cereals,Maurizio Moroni,Reggio Emilia,11
550.00,Raclette Courdavault,Dairy Products,Maurizio Moroni,Reggio Emilia,11
388.35,Nord-Ost Matjeshering,Seafood,Lúcia Carvalho,Sao Paulo,11
110.40,Boston Crab Meat,Seafood,Lúcia Carvalho,Sao Paulo,11
288.00,Pâté chinois,Meat/Poultry,Lúcia Carvalho,Sao Paulo,11
510.00,Camembert Pierrot,Dairy Products,Lúcia Carvalho,Sao Paulo,11
900.00,Chai,Beverages,Felipe Izquierdo,I. de Margarita,11
300.00,Sir Rodney's Scones,Confections,Felipe Izquierdo,I. de Margarita,11
650.00,Valkoinen suklaa,Confections,Felipe Izquierdo,I. de Margarita,11
261.75,Pavlova,Confections,Laurence Lebihan,Marseille,11
37.50,Gorgonzola Telino,Dairy Products,Laurence Lebihan,Marseille,11
210.50,Louisiana Fiery Hot Pepper Sauce,Condiments,Laurence Lebihan,Marseille,11
400.00,Sir Rodney's Scones,Confections,Yang Wang,Bern,11
1590.00,Manjimup Dried Apples,Produce,Yang Wang,Bern,11
360.00,Lakkalikööri,Beverages,Laurence Lebihan,Marseille,11
372.00,Tofu,Produce,Christina Berglund,Luleå,11
912.00,Rössle Sauerkraut,Produce,Christina Berglund,Luleå,11
175.00,Filo Mix,Grains/Cereals,Christina Berglund,Luleå,11
750.00,Grandma's Boysenberry Spread,Condiments,André Fonseca,Campinas,11
388.35,Nord-Ost Matjeshering,Seafood,André Fonseca,Campinas,11
360.00,Lakkalikööri,Beverages,André Fonseca,Campinas,11
570.00,Sirop d'érable,Condiments,Jaime Yorres,San Francisco,11
26.00,Original Frankfurter grüne Soße,Condiments,Jaime Yorres,San Francisco,11
842.00,Louisiana Fiery Hot Pepper Sauce,Condiments,Patricia McKenna,Cork,11
155.00,Rhönbräu Klosterbier,Beverages,Patricia McKenna,Cork,11
24.00,Konbu,Seafood,Paul Henriot,Reims,11
115.80,Jack's New England Clam Chowder,Seafood,Paul Henriot,Reims,11
52.35,Pavlova,Confections,Dominique Perrier,Paris,11
114.00,Inlagd Sill,Seafood,Paul Henriot,Reims,11
126.00,Filo Mix,Grains/Cereals,Paul Henriot,Reims,11
228.00,Rössle Sauerkraut,Produce,Karl Jablonski,Seattle,11
630.00,Steeleye Stout,Beverages,Karl Jablonski,Seattle,11
380.00,Rogede sild,Seafood,Karl Jablonski,Seattle,11
532.00,Gnocchi di nonna Alice,Grains/Cereals,Karl Jablonski,Seattle,11
285.00,Chang,Beverages,Thomas Hardy,London,11
200.00,Aniseed Syrup,Condiments,Elizabeth Lincoln,Tsawassen,11
1700.00,Camembert Pierrot,Dairy Products,Elizabeth Lincoln,Tsawassen,11
1218.00,Mozzarella di Giovanni,Dairy Products,Elizabeth Lincoln,Tsawassen,11
336.00,Spegesild,Seafood,Thomas Hardy,London,11
920.00,Boston Crab Meat,Seafood,Palle Ibsen,Århus,11
1500.00,Carnarvon Tigers,Seafood,Horst Kloss,Cunewalde,11
311.20,Gula Malacca,Condiments,Horst Kloss,Cunewalde,11
2475.00,Raclette Courdavault,Dairy Products,Horst Kloss,Cunewalde,11
243.60,Mozzarella di Giovanni,Dairy Products,Horst Kloss,Cunewalde,11
36.00,Konbu,Seafood,Yang Wang,Bern,11
392.00,Singaporean Hokkien Fried Mee,Grains/Cereals,Yang Wang,Bern,11
443.70,Tarte au sucre,Confections,Yang Wang,Bern,11
1440.00,Gudbrandsdalsost,Dairy Products,Yang Wang,Bern,11
100.00,Gorgonzola Telino,Dairy Products,Georg Pipps,Salzburg,11
337.75,Jack's New England Clam Chowder,Seafood,Georg Pipps,Salzburg,11
395.10,Vegie-spread,Condiments,Georg Pipps,Salzburg,11
1080.00,Gudbrandsdalsost,Dairy Products,Georg Pipps,Salzburg,11
396.00,Tunnbröd,Grains/Cereals,Jose Pavarotti,Boise,11
736.00,Boston Crab Meat,Seafood,Jose Pavarotti,Boise,11
1064.00,Gnocchi di nonna Alice,Grains/Cereals,Jose Pavarotti,Boise,11
570.00,Gnocchi di nonna Alice,Grains/Cereals,Helen Bennett,Cowes,11
330.00,Raclette Courdavault,Dairy Products,Helen Bennett,Cowes,11
180.00,Lakkalikööri,Beverages,Helen Bennett,Cowes,11
116.25,Tofu,Produce,Pirkko Koskitalo,Oulu,11
380.00,Rogede sild,Seafood,Pirkko Koskitalo,Oulu,11
1375.00,Raclette Courdavault,Dairy Products,Pirkko Koskitalo,Oulu,11
374.76,Gumbär Gummibärchen,Confections,Michael Holz,Genève,11
776.70,Nord-Ost Matjeshering,Seafood,Michael Holz,Genève,11
325.00,Valkoinen suklaa,Confections,Michael Holz,Genève,11
225.00,Röd Kaviar,Seafood,Michael Holz,Genève,11
144.00,Chai,Beverages,Simon Crowther,London,11
108.00,Gudbrandsdalsost,Dairy Products,Simon Crowther,London,11
38.00,Rogede sild,Seafood,Paolo Accorti,Torino,11
50.00,Longlife Tofu,Produce,Paolo Accorti,Torino,11
55.20,Boston Crab Meat,Seafood,Giovanni Rovelli,Bergamo,11
285.00,Zaanse koeken,Confections,Laurence Lebihan,Marseille,11
1140.00,Gnocchi di nonna Alice,Grains/Cereals,Laurence Lebihan,Marseille,11
273.00,Ravioli Angelo,Grains/Cereals,Laurence Lebihan,Marseille,11
900.00,Gudbrandsdalsost,Dairy Products,Laurence Lebihan,Marseille,11
1312.50,Carnarvon Tigers,Seafood,Art Braunschweiger,Lander,11
380.00,Inlagd Sill,Seafood,Art Braunschweiger,Lander,11
75.00,Scottish Longbreads,Confections,Art Braunschweiger,Lander,11
720.00,Gudbrandsdalsost,Dairy Products,Art Braunschweiger,Lander,11
420.00,Sasquatch Ale,Beverages,Jose Pavarotti,Boise,11
385.00,Raclette Courdavault,Dairy Products,Jose Pavarotti,Boise,11
1479.00,Tarte au sucre,Confections,Jose Pavarotti,Boise,11
798.00,Wimmers gute Semmelknödel,Grains/Cereals,Jose Pavarotti,Boise,11
624.60,Gumbär Gummibärchen,Confections,Michael Holz,Genève,11
420.00,Filo Mix,Grains/Cereals,Michael Holz,Genève,11
600.00,Outback Lager,Beverages,Michael Holz,Genève,11
320.00,Mascarpone Fabioli,Dairy Products,Ana Trujillo,México D.F.,11
168.00,NuNuCa Nuß-Nougat-Creme,Confections,Catherine Dewey,Bruxelles,12
1756.00,Schoggi Schokolade,Confections,Catherine Dewey,Bruxelles,12
1380.00,Ipoh Coffee,Beverages,Catherine Dewey,Bruxelles,12
490.00,NuNuCa Nuß-Nougat-Creme,Confections,Paula Wilson,Albuquerque,12
139.50,Rhönbräu Klosterbier,Beverages,Paula Wilson,Albuquerque,12
288.00,Chartreuse verte,Beverages,Maria Larsson,Bräcke,12
285.00,Zaanse koeken,Confections,Maria Larsson,Bräcke,12
1484.00,Manjimup Dried Apples,Produce,Maria Larsson,Bräcke,12
2280.00,Gnocchi di nonna Alice,Grains/Cereals,Maria Larsson,Bräcke,12
400.00,Sir Rodney's Scones,Confections,Martine Rancé,Lille,12
126.00,Gustaf's Knäckebröd,Grains/Cereals,Martine Rancé,Lille,12
90.00,Guaraná Fantástica,Beverages,Martine Rancé,Lille,12
200.00,Aniseed Syrup,Condiments,Roland Mendel,Graz,12
2340.00,Chartreuse verte,Beverages,Roland Mendel,Graz,12
1684.00,Louisiana Fiery Hot Pepper Sauce,Condiments,Horst Kloss,Cunewalde,12
760.00,Chang,Beverages,Henriette Pfalzheim,Köln,12
1050.00,Uncle Bob's Organic Dried Pears,Produce,Henriette Pfalzheim,Köln,12
500.00,Scottish Longbreads,Confections,Henriette Pfalzheim,Köln,12
28.00,Singaporean Hokkien Fried Mee,Grains/Cereals,Pascale Cartrain,Charleroi,12
84.00,Gustaf's Knäckebröd,Grains/Cereals,Thomas Hardy,London,12
625.00,Gorgonzola Telino,Dairy Products,Thomas Hardy,London,12
510.00,Camembert Pierrot,Dairy Products,Thomas Hardy,London,12
258.00,Flotemysost,Dairy Products,Thomas Hardy,London,12
289.50,Jack's New England Clam Chowder,Seafood,Palle Ibsen,Århus,12
105.00,Filo Mix,Grains/Cereals,Palle Ibsen,Århus,12
570.00,Sirop d'érable,Condiments,Palle Ibsen,Århus,12
739.50,Tarte au sucre,Confections,Palle Ibsen,Århus,12
315.00,Queso Cabrales,Dairy Products,Mario Pontes,Rio de Janeiro,12
344.00,Flotemysost,Dairy Products,Roland Mendel,Graz,12
2228.22,Thüringer Rostbratwurst,Meat/Poultry,Renate Messner,Frankfurt a.M.,12
1375.00,Raclette Courdavault,Dairy Products,Renate Messner,Frankfurt a.M.,12
1287.00,Alice Mutton,Meat/Poultry,Roland Mendel,Graz,12
875.00,Gorgonzola Telino,Dairy Products,Roland Mendel,Graz,12
54.25,Rhönbräu Klosterbier,Beverages,Roland Mendel,Graz,12
25.00,Gorgonzola Telino,Dairy Products,Maria Larsson,Bräcke,12
850.00,Louisiana Hot Spiced Okra,Condiments,Maria Larsson,Bräcke,12
186.00,Ikura,Seafood,Liu Wong,Butte,12
42.00,Laughing Lumberjack Lager,Beverages,Liu Wong,Butte,12
200.00,Gorgonzola Telino,Dairy Products,Roland Mendel,Graz,12
168.00,Singaporean Hokkien Fried Mee,Grains/Cereals,Roland Mendel,Graz,12
256.50,Rogede sild,Seafood,Roland Mendel,Graz,12
6360.00,Manjimup Dried Apples,Produce,Roland Mendel,Graz,12
280.00,Singaporean Hokkien Fried Mee,Grains/Cereals,André Fonseca,Campinas,12
96.50,Jack's New England Clam Chowder,Seafood,Christina Berglund,Luleå,12
349.00,Pavlova,Confections,Alexander Feuer,Leipzig,12
986.00,Tarte au sucre,Confections,Alexander Feuer,Leipzig,12
525.00,Outback Lager,Beverages,Carlos González,Barquisimeto,12
195.00,Original Frankfurter grüne Soße,Condiments,Carlos González,Barquisimeto,12
22.35,Tourtière,Meat/Poultry,Pirkko Koskitalo,Oulu,12
760.00,Gnocchi di nonna Alice,Grains/Cereals,Pirkko Koskitalo,Oulu,12
350.00,Longlife Tofu,Produce,Pirkko Koskitalo,Oulu,12
12.50,Gorgonzola Telino,Dairy Products,Patricio Simpson,Buenos Aires,12
125.00,Gorgonzola Telino,Dairy Products,Mario Pontes,Rio de Janeiro,12
1317.50,Côte de Blaye,Beverages,Mario Pontes,Rio de Janeiro,12
570.00,Inlagd Sill,Seafood,Giovanni Rovelli,Bergamo,12
36.00,Chartreuse verte,Beverages,Giovanni Rovelli,Bergamo,12
1044.00,Mozzarella di Giovanni,Dairy Products,Giovanni Rovelli,Bergamo,12
310.00,Ikura,Seafood,Manuel Pereira,Caracas,12
77.50,Rhönbräu Klosterbier,Beverages,Manuel Pereira,Caracas,12
1200.00,Northwoods Cranberry Sauce,Condiments,Lúcia Carvalho,Sao Paulo,12
388.35,Nord-Ost Matjeshering,Seafood,Lúcia Carvalho,Sao Paulo,12
325.50,Rhönbräu Klosterbier,Beverages,Lúcia Carvalho,Sao Paulo,12
285.00,Chang,Beverages,Annette Roulet,Toulouse,12
2475.80,Thüringer Rostbratwurst,Meat/Poultry,Annette Roulet,Toulouse,12
460.00,Teatime Chocolate Biscuits,Confections,Horst Kloss,Cunewalde,12
310.00,Rhönbräu Klosterbier,Beverages,Horst Kloss,Cunewalde,12
1875.00,Carnarvon Tigers,Seafood,Martine Rancé,Lille,12
270.00,Steeleye Stout,Beverages,Martine Rancé,Lille,12
1317.00,Vegie-spread,Condiments,Martine Rancé,Lille,12
225.00,Scottish Longbreads,Confections,Martine Rancé,Lille,12
90.00,Uncle Bob's Organic Dried Pears,Produce,André Fonseca,Campinas,12
760.00,Gnocchi di nonna Alice,Grains/Cereals,André Fonseca,Campinas,12
1733.06,Thüringer Rostbratwurst,Meat/Poultry,Peter Franken,München,12
193.00,Jack's New England Clam Chowder,Seafood,Peter Franken,München,12
190.00,Chang,Beverages,Zbyszek Piestrzeniewicz,Warszawa,12
22.35,Tourtière,Meat/Poultry,Zbyszek Piestrzeniewicz,Warszawa,12
187.50,Scottish Longbreads,Confections,Zbyszek Piestrzeniewicz,Warszawa,12
135.10,Jack's New England Clam Chowder,Seafood,Thomas Hardy,London,12
56.00,Filo Mix,Grains/Cereals,Thomas Hardy,London,12
348.75,Tofu,Produce,Bernardo Batista,Rio de Janeiro,12
44.70,Tourtière,Meat/Poultry,Bernardo Batista,Rio de Janeiro,12
1134.25,Pavlova,Confections,Roland Mendel,Graz,12
1365.00,Alice Mutton,Meat/Poultry,Roland Mendel,Graz,12
655.83,Gumbär Gummibärchen,Confections,Carlos Hernández,San Cristóbal,12
194.50,Gula Malacca,Condiments,Carlos Hernández,San Cristóbal,12
1163.75,Wimmers gute Semmelknödel,Grains/Cereals,Carlos Hernández,San Cristóbal,12
864.00,Gudbrandsdalsost,Dairy Products,Carlos Hernández,San Cristóbal,12
420.00,Queso Cabrales,Dairy Products,Sven Ottlieb,Aachen,12
98.60,Tarte au sucre,Confections,Helen Bennett,Cowes,12
348.00,Mozzarella di Giovanni,Dairy Products,Helen Bennett,Cowes,12
120.00,Konbu,Seafood,Philip Cramer,Brandenburg,12
90.00,Guaraná Fantástica,Beverages,Philip Cramer,Brandenburg,12
1375.00,Raclette Courdavault,Dairy Products,Philip Cramer,Brandenburg,12
1050.00,Queso Cabrales,Dairy Products,Hari Kumar,London,12
530.00,Manjimup Dried Apples,Produce,Hari Kumar,London,12
52.15,Tourtière,Meat/Poultry,Hari Kumar,London,12
1560.00,Alice Mutton,Meat/Poultry,Martín Sommer,Madrid,12
2475.80,Thüringer Rostbratwurst,Meat/Poultry,Martín Sommer,Madrid,12
647.25,Nord-Ost Matjeshering,Seafood,Jytte Petersen,Kobenhavn,12
1590.00,Manjimup Dried Apples,Produce,Jytte Petersen,Kobenhavn,12
1440.00,Pâté chinois,Meat/Poultry,Jytte Petersen,Kobenhavn,12
246.50,Tarte au sucre,Confections,Jytte Petersen,Kobenhavn,12
220.80,Teatime Chocolate Biscuits,Confections,Paula Parente,Resende,12
210.00,NuNuCa Nuß-Nougat-Creme,Confections,Paula Parente,Resende,12
825.00,Raclette Courdavault,Dairy Products,Paula Parente,Resende,12
1116.00,Ikura,Seafood,Hari Kumar,London,12
1094.40,Rössle Sauerkraut,Produce,Hari Kumar,London,12
80.00,Maxilaku,Confections,Hari Kumar,London,12
140.00,Sasquatch Ale,Beverages,Liz Nixon,Portland,12
2635.00,Côte de Blaye,Beverages,Liz Nixon,Portland,12
380.00,Chang,Beverages,Mary Saveley,Lyon,12
42.10,Louisiana Fiery Hot Pepper Sauce,Condiments,Mary Saveley,Lyon,12
150.00,Longlife Tofu,Produce,Mary Saveley,Lyon,12
18.40,Boston Crab Meat,Seafood,Paolo Accorti,Torino,12
